{"train/loss": 14.8258, "train/grad_norm": 61.51414489746094, "train/learning_rate": 1.0000000000000002e-06, "train/epoch": 0.03, "train/global_step": 10, "_timestamp": 1711738102, "_runtime": 8402, "_step": 0}